title,price,pegi_rating,platform
Hogwarts Legacy - PS5,55.6,Meer mogelijkheden,PS5
Grand Theft Auto V (GTA 5),24.99,PEGI-rating: 18 jaar en ouder,PlayStation 5
F1 22 - PS5,47.4,PEGI-rating: 3 jaar en ouder,PS5
FIFA 23 PS5,63.95,Advies: ,PlayStation 5
Dead Space Remake,59.6,PEGI-rating: 18 jaar en ouder,PS5
God of War: Ragnarök - PS5,67.95,PEGI-rating: 18 jaar en ouder,PlayStation 5
ALLEEN VOOR GAMES ALAN WAKE REMASTERED PS5 VF. Franse versie,20.76,PEGI-rating: 16 jaar en ouder,PlayStation 5
Final Fantasy XVI (PS5),59.99,PEGI-rating: 18 jaar en ouder,PlayStation 5
NBA 2K23 - PS5,33.95,PEGI-rating: 3 jaar en ouder,PlayStation 5
Elden Ring Launch PS5 (PS5/),62.95,PEGI-rating: 16 jaar en ouder,PlayStation 5
SAINTS ROW - Day One Edition,19.99,PEGI-rating: 18 jaar en ouder,PlayStation 5
Elden Ring,51.08,Advies: ,PlayStation 5
The Callisto Protocol - Day One Edition - PS5,29.99,PEGI-rating: 18 jaar en ouder,PlayStation 5
The Quarry - PS5,29.99,PEGI-rating: 18 jaar en ouder,PlayStation 5
Assassin's Creed: Mirage - PS5,41.95,PEGI-rating: 18 jaar en ouder,PlayStation 5
Kena: Bridge Of Spirits - Deluxe Edition,32.25,PEGI-rating: 12 jaar en ouder,PlayStation 5
Lego Star Wars : La Saga Skywalker,27.99,PEGI-rating: 7 jaar en ouder,PlayStation 5
Metro Exodus - Complete Edition,24.99,PEGI-rating: 18 jaar en ouder,PlayStation 5
Cult of the Lamb: Deluxe Edition - PS5,44.54,PEGI-rating: 18 jaar en ouder,PlayStation 5
Marvel's Midnight Suns - Enhanced Editie - PS5,41.84,PEGI-rating: 16 jaar en ouder,PlayStation 5
Gotham Knights - PS5,31.99,PEGI-rating: 16 jaar en ouder,PlayStation 5
Tales of Arise (Playstation 5),25.99,PEGI-rating: 12 jaar en ouder,PlayStation 5
Elex 2 PS5,9.95,PEGI-rating: 18 jaar en ouder,PlayStation 5
Ghost of Tsushima - Director's Cut - PS5,63.99,PEGI-rating: 18 jaar en ouder,PlayStation 5
Tiny Tina's Wonderlands - Édition Next-Level,33.95,PEGI-rating: 16 jaar en ouder,PlayStation 5
Farming Simulator 22 - Platinum Edition - PS5,42.36,PEGI-rating: 3 jaar en ouder,PlayStation 5
Chernobylite (PS5),19.95,PEGI-rating: 18 jaar en ouder,PlayStation 5
Unbound : Worlds Apart,18,PEGI-rating: 7 jaar en ouder,PlayStation 5
Teenage Mutant Ninja Turtles: Shredders Revenge (Playstation 5),26.61,PEGI-rating: 12 jaar en ouder,PlayStation 5
"Just Dance 2022 (Inclusief ""Waterval"" van K3) (PS5)",14.97,PEGI-rating: 3 jaar en ouder,PlayStation 5
New Tales from the Borderlands - Deluxe Edition - PS5,28.21,PEGI-rating: 18 jaar en ouder,PlayStation 5
Capcom Resident Evil Village Basic German. English PlayStation 5,29.99,USK-beoordeling: Vanaf 18 jaar,PlayStation 5
The Witcher 3: Wild Hunt – Complete Edition,35.99,PEGI-rating: 18 jaar en ouder,PlayStation 5
Just Dance 2023 - Code in a Box - PS5,22.07,PEGI-rating: 3 jaar en ouder,PlayStation 5
Overcooked! All You Can Eat,21.39,PEGI-rating: 3 jaar en ouder,PlayStation 5
Paw Patrol: Grand Prix - PS5,32.99,PEGI-rating: 3 jaar en ouder,PlayStation 5
SnowRunner,34.99,PEGI-rating: 3 jaar en ouder,PlayStation 5
Marvel's Guardians of the Galaxy (PlayStation PS5),37.48,USK-beoordeling: Vanaf 12 jaar,PlayStation 5
Destroy All Humans 2 Reprobed PS5,18.49,PEGI-rating: 16 jaar en ouder,PlayStation 5
Gran Turismo 7 - PS5,74.99,PEGI-rating: 3 jaar en ouder,PlayStation 5
Lake PS5,20,PEGI-rating: 16 jaar en ouder,PlayStation 5
Wreckfest (PS5) (PS5),26.92,PEGI-rating: 12 jaar en ouder,PlayStation 5
Lioncast Draadloze microfoon set van 2 voor Playstation 5 / PS5 / PS4. PC. Wii. Xbox. Nintendo Switch. dubbele microfoons draadloos voor karaoke Let's Sing. Voice of Germany. SingStar. Playstation Accessoires,50.99,,
Life is Strange True Colors (Playstation 5),24.99,PEGI-rating: 16 jaar en ouder,PlayStation 5
PGA Tour 2K23 - PS5,39.93,PEGI-rating: 3 jaar en ouder,PlayStation 5
Godfall,26.93,PEGI-rating: 16 jaar en ouder,PlayStation 5
Ghostwire Tokyo - PS5,26.08,PEGI-rating: 18 jaar en ouder,PlayStation 5
Subnautica Below Zero PS5,18,PEGI-rating: 12 jaar en ouder,PlayStation 5
A Plague Tale : Innocence,28.95,PEGI-rating: 18 jaar en ouder,PlayStation 5
Planet Coaster: Console Edition,21.03,PEGI-rating: 7 jaar en ouder,PlayStation 5
Far Cry 6 (Playstation 5),22.38,PEGI-rating: 18 jaar en ouder,PlayStation 5
Overcooked - All You Can Eat Edition,34.14,PEGI-rating: 3 jaar en ouder,PlayStation 5
Cult of the Lamb - PS5,30.71,PEGI-rating: 18 jaar en ouder,PlayStation 5
Anno 1800 - PS5,39.99,Mediaan: ,PlayStation 5
Uncharted: Legacy Of Thieves Collection,39.95,PEGI-rating: 16 jaar en ouder,PlayStation 5
Terminator: Weerstand,23.5,PEGI-rating: 12 jaar en ouder,PlayStation 5
Sniper Ghost Warrior Contracts 2 - Elite Edition PS5 (PS5),19.99,PEGI-rating: 18 jaar en ouder,PlayStation 5
Rainbow Six Extraction - Deluxe Edition - Inclusief REACT Strike- en Deluxe pack - PS5,10.95,PEGI-rating: 16 jaar en ouder,PS5
Biomutant PS5,16.99,PEGI-rating: 12 jaar en ouder,PlayStation 5
Dragons: Legends of The Nine Realms - PS5,29.04,PEGI-rating: 7 jaar en ouder,PlayStation 5
Fernbus Coach Simulator (PS5),36.99,PEGI-rating: 3 jaar en ouder,PlayStation 5
ASSASSIN'S CREED VALHALLA - PS5,29.98,PEGI-rating: 18 jaar en ouder,PlayStation 5
WWE 2K22,22.79,PEGI-rating: 16 jaar en ouder,PS5
WWE 2K23 - PS5,57.95,PEGI-rating: 16 jaar en ouder,PlayStation 5
Demon Slayer -Kimetsu no Yaiba- The Hinokami Chronicles,29.99,PEGI-rating: 16 jaar en ouder,PlayStation 5
DRAGON BALL Z: KAKAROT,27.45,Advies: ,PS5
Spirit of the North (PS5),26.61,PEGI-rating: 7 jaar en ouder,PlayStation 5
Voor PS5 Optical Drive Edition Host. Console Middle Skin. Middle Strip Sticker Alleen Voor PS5 Optical Drive Edition Host (Koolstofvezel Zwart),9.88,,
Way of the Hunter PS5,22.45,PEGI-rating: 16 jaar en ouder,PlayStation 5
Star Trek: Prodigy - Supernova - PS5,19.95,PEGI-rating: 7 jaar en ouder,PlayStation 5
Nerf: Legends,23.81,PEGI-rating: 7 jaar en ouder,PlayStation 5
Destruction Allstars,16.16,PEGI-rating: 12 jaar en ouder,PlayStation 5
Are You Smarter Than A 5th Grader PS5,19.5,PEGI-rating: 3 jaar en ouder,PlayStation 5
Resident Evil VIllage,34.9,Meer mogelijkheden,PlayStation 5
Riders Republic PS5,22.13,PEGI-rating: 12 jaar en ouder,PlayStation 5
Ghostbusters: Spirits Unleashed - PS5,29.99,Advies: ,PlayStation 5
Yuoni - Sunset Edition,24.97,PEGI-rating: 16 jaar en ouder,PlayStation 5
Among US: Imposter Edition - PS5,40.32,PEGI-rating: 7 jaar en ouder,PlayStation 5
Ikai,33.9,PEGI-rating: 16 jaar en ouder,PlayStation 5
Let's Sing 2022 mit deutschen Hits [+ 2 Mics] (PlayStation PS5),56.62,USK-beoordeling: Vanaf 6 jaar,PlayStation 5
Videogioco Sony Interactive Sackboy: a Big Adventure,39.02,PEGI-rating: 7 jaar en ouder,PlayStation 5
Wanted: Dead Collectors Edition - PS5,79.99,PEGI-rating: 18 jaar en ouder,PlayStation 5
Sony Rainbow Six Siege Deluxe Edition - PS5,19.99,USK-beoordeling: Vanaf 16 jaar,PlayStation 5
Metro Exodus Complete Edition (PS5) DE-Version,30.77,PEGI-rating: 18 jaar en ouder,PlayStation 5
FIFA 22 NL Versie - PS5 (PS5),19.97,PEGI-rating: 3 jaar en ouder,PS5
ACTIVISION Call of Duty: Vanguard zwart,46.7,,
Tormented Souls,26.49,PEGI-rating: 18 jaar en ouder,PlayStation 5
MILESTONE 4 (PS5),39.95,USK-beoordeling: Geen leeftijdsbeperking,PlayStation 5
Forspoken,49.99,PEGI-rating: 18 jaar en ouder,PlayStation 5
Fortnite The Last Laugh Bundle (PS5),29.99,PEGI-rating: 12 jaar en ouder,PlayStation 5
ONE PIECE ODYSSEY,54,Advies: ,PS5
Watch Dogs Legion PS5,19.98,PEGI-rating: 18 jaar en ouder,PlayStation 5
Dying Light 2 - Stay Human,47.78,PEGI-rating: 18 jaar en ouder,PlayStation 5
Tour De France 2021,18.53,,
Marvel's Spider-man : Miles Morales,38.79,PEGI-rating: 16 jaar en ouder,PlayStation 5
Road 96 PS5,24.22,PEGI-rating: 16 jaar en ouder,PlayStation 5
The Ascent (Standard Edition) - PS5,29.48,PEGI-rating: 18 jaar en ouder,PlayStation 5
Ratchet & Clank: Rift Apart,69.99,PEGI-rating: 12 jaar en ouder,PlayStation 5
Yonder : The Cloud Catcher Chronicles - Enhanced Edition,22.24,PEGI-rating: 3 jaar en ouder,PlayStation 5
Sony Ratel & Clank: Scheur uit elkaar,69.79,,
Assetto Corsa Competizione Day One Edition,33,PEGI-rating: 3 jaar en ouder,PlayStation 5
Hello Neighbor 2 - Switch,42.8,Meer mogelijkheden,Nintendo Switch
Evil Dead: The Game - PS5,29.99,PEGI-rating: 18 jaar en ouder,PlayStation 5
Let's Sing ABBA PS5,35.22,PEGI-rating: 3 jaar en ouder,PlayStation 5
World War Z: Aftermath PS5,33.99,PEGI-rating: 18 jaar en ouder,PlayStation 5
Hot Wheels Unleashed Standard Edition,27.87,PEGI-rating: 3 jaar en ouder,PlayStation 5
Fifa 22,17.52,PEGI-rating: 3 jaar en ouder,PlayStation 5
SYBERIA - THE WORLD BEFORE - COLLECTOR's EDITION PS5,161,PEGI-rating: 16 jaar en ouder,PlayStation 5
The Last of Us: Part 1 - PS5,69.99,PEGI-rating: 18 jaar en ouder,PlayStation 5
Tom Clancy's Rainbow Six : Siege - Deluxe Edition,31.5,PEGI-rating: 18 jaar en ouder,PlayStation 5
Ubisoft Far Cry 6 (YARA Edition) (PS5),37.29,PEGI-rating: 18 jaar en ouder,PlayStation 5
Lost Judgment (PlayStation PS5),29.89,Japanstalige uitgave,Videogame
Alex Kidd in Miracle World DX (PS5),22.7,PEGI-rating: 7 jaar en ouder,PlayStation 5
Sackboy: A Big Adventure - PS5-game,64.95,PEGI-rating: 7 jaar en ouder,PlayStation 5
Hitman III PS5 (PS5),45.68,PEGI-rating: 18 jaar en ouder,PlayStation 5
Teenage Mutant Ninja Turtles: The Cowabunga Collection - PS5,29.99,PEGI-rating: 12 jaar en ouder,PlayStation 5
The Ascent: Cyber Edition - PS5,49.83,PEGI-rating: 18 jaar en ouder,PlayStation 5
Assassin's Creed Valhalla PS5 Game,29.99,PEGI-rating: 18 jaar en ouder,PlayStation 5
Balan Wonderworld NL Versie - PS5,12,PEGI-rating: 12 jaar en ouder,PS5
Bunny Park - PS5,19.99,PEGI-rating: 3 jaar en ouder,PlayStation 5
Back 4 Blood (Playstation 5),15.41,PEGI-rating: 18 jaar en ouder,PlayStation 5
Uncharted: Legacy of Thieves Collection - PS5,41.95,PEGI-rating: 16 jaar en ouder,PlayStation 5
Tennis World Tour 2 NL Versie - PS5,19.99,PEGI-rating: 3 jaar en ouder,PlayStation 5
Hello Neighbor 2 Deluxe Edition - PS4,49.99,Advies: ,PlayStation 4
Saint Kotar - PS5,36.68,PEGI-rating: 18 jaar en ouder,PlayStation 5
Planet Coaster Console Edition PS5 Game,36,PEGI-rating: 3 jaar en ouder,PlayStation 5
In Sound Mind - Deluxe Edition,26.42,PEGI-rating: 16 jaar en ouder,PlayStation 5
Poker Club,17.18,PEGI-rating: 18 jaar en ouder,PlayStation 5
Townsmen VR - PlayStation 5 - PSVR2,33.05,PEGI-rating: 16 jaar en ouder,PlayStation 5
Fairy Fencer F: Refrain Chord - Day One Edition (PS5),54.77,PEGI-rating: 12 jaar en ouder,PlayStation 5
The King of Fighters XV - Day One Edition,41.35,PEGI-rating: 12 jaar en ouder,PlayStation 5
Arcade Paradise PS5,23.45,PEGI-rating: 12 jaar en ouder,PlayStation 5
Death Stranding - Director's Cut - PS5,45.99,PEGI-rating: 18 jaar en ouder,PlayStation 5
Goat Simulator 3 - Pre Udder Edition,21.99,PEGI-rating: 12 jaar en ouder,PlayStation 5
Resident Evil 8: Village (PS5),29.99,PEGI-rating: 18 jaar en ouder,PlayStation 5
Planet Coaster - Console Edition,28,PEGI-rating: 3 jaar en ouder,PlayStation 5
NexiGo Wandhouder voor PS5 met laadstation. stabiele wandhouder van metaal met led-laadindicator voor Playstation 5 (schijf en digitaal). wit,49.99,,
Hot Wheels Unleashed (Playstation 5),26.42,PEGI-rating: 3 jaar en ouder,PlayStation 5
MotoGP 22 - Day One Edition,29.99,PEGI-rating: 3 jaar en ouder,PlayStation 5
Wanted: Dead - PS5 (Int. SKU),54.99,PEGI-rating: 18 jaar en ouder,PlayStation 5
Cris Tales,20.07,PEGI-rating: 12 jaar en ouder,PlayStation 5
Call Of The Sea - Norah's Diary Edition,39.99,PEGI-rating: 7 jaar en ouder,PlayStation 5
A Plague Tale : Requiem,45.02,Meer mogelijkheden,PlayStation 5
Curved Space,14.9,PEGI-rating: 7 jaar en ouder,PlayStation 5
F1 2021: Standard Edition NL Versie - PS5,18.89,PEGI-rating: 3 jaar en ouder,PlayStation 5
No Mans Sky PS5,49.19,PEGI-rating: 7 jaar en ouder,PlayStation 5
Death's Door- PS5,29.99,PEGI-rating: 12 jaar en ouder,PlayStation 5
Lego Brawls - PS5,27.99,PEGI-rating: 7 jaar en ouder,PlayStation 5
Iron Harvest Complete Edition,23.99,PEGI-rating: 16 jaar en ouder,PlayStation 5
Videogioco Gearbox Godfall,31.99,PEGI-rating: 16 jaar en ouder,PlayStation 5
Five Nights at Freddy's : Security Breach,32.99,PEGI-rating: 16 jaar en ouder,PlayStation 5
The Nioh Collection,54.95,PEGI-rating: 18 jaar en ouder,PlayStation 5
Farming Simulator 22 (PS5),38,PEGI-rating: 3 jaar en ouder,PS5
Ever Forward,25.16,PEGI-rating: 7 jaar en ouder,PlayStation 5
Vampire : The Masquerade - Swansong,19.95,PEGI-rating: 18 jaar en ouder,PlayStation 5
Ghost Of Tsushima - Director’s Cut,67.99,PEGI-rating: 18 jaar en ouder,PlayStation 5
Demon's Souls Remake - PS5-game,74.99,PEGI-rating: 18 jaar en ouder,PlayStation 5
Sifu - Vengeance Edition PS5,38.02,PEGI-rating: 16 jaar en ouder,PlayStation 5
Back 4 Blood - Special Edition - PS5,17.99,PEGI-rating: 18 jaar en ouder,PlayStation 5
Resident Evil Village PS5,38.79,PEGI-rating: 18 jaar en ouder,PlayStation 5
Doki Doki Literature Club Plus! Premium Physical Edition,33.91,PEGI-rating: 18 jaar en ouder,PlayStation 5
Farmers Vs Zombies,14,PEGI-rating: 7 jaar en ouder,PlayStation 5
Back 4 Blood,13.48,PEGI-rating: 18 jaar en ouder,PlayStation 5
Returnal,69.99,PEGI-rating: 16 jaar en ouder,Nintendo Switch
Moorhuhn Crazy Chicken Shooter Edition,13.99,PEGI-rating: 3 jaar en ouder,PlayStation 5
Assassin’s Creed Valhalla,30.98,PEGI-rating: 18 jaar en ouder,PlayStation 5
Watch Dogs Legion - Standard Edition (PS5),19.98,PEGI-rating: 18 jaar en ouder,PlayStation 5
Valkyrie Elysium - PS5,47.03,PEGI-rating: 12 jaar en ouder,PlayStation 5
Wanted: Dead - PS5,45.77,PEGI-rating: 18 jaar en ouder,PlayStation 5
Bratz: Flaunt your Fashion - PS5,24.99,PEGI-rating: 3 jaar en ouder,PlayStation 5
Hitman 3 - PS5,47.52,PEGI-rating: 18 jaar en ouder,PS5
LOL Surprise! B.B.s BORN TO TRAVEL,24.99,PEGI-rating: 3 jaar en ouder,PlayStation 5
Devil May Cry 5 Special Edition,28,PEGI-rating: 18 jaar en ouder,PlayStation 5
Deliver Us The Moon,24.99,PEGI-rating: 12 jaar en ouder,PlayStation 5
GAME Among Us Crewmate Edition PlayStation 5,34.42,PEGI-rating: 7 jaar en ouder,PlayStation 5
Terminator: Resistance Enhanced Collector (UK voice/EFGS tekst),38,,
Endzone - A World Apart Survivor Edition,20.99,PEGI-rating: 12 jaar en ouder,PlayStation 5
Call of Duty Black Ops: Cold War (PS5) DE-Version,46.93,USK-beoordeling: Vanaf 18 jaar,PlayStation 5
Mechwarrior 5 Mercenaries,19.99,PEGI-rating: 12 jaar en ouder,PlayStation 5
Back 4 Blood - PS5,16.95,PEGI-rating: 18 jaar en ouder,PlayStation 5
Fortnite The Last Laugh (code in een doos),35.61,,
Let's Sing 2022 + 1 Microphone International Version,37.97,PEGI-rating: 12 jaar en ouder,PlayStation 5
FIFA 22 (PS5) DE-Version,24.99,USK-beoordeling: Geen leeftijdsbeperking,PlayStation 5
JoJo's Bizarre Adventure: All-Star Battle R - PS5,36.52,PEGI-rating: 12 jaar en ouder,PlayStation 5
Rainbow Six Siege - Deluxe Edtion (PS5),8,PEGI-rating: 18 jaar en ouder,PlayStation 5
Disciples: Liberation - Deluxe Edition (PlayStion PS5),42.35,PEGI-rating: 12 jaar en ouder,PlayStation 5
NHL 22 - PS5,29.95,PEGI-rating: 12 jaar en ouder,PlayStation 5
Control - Ultimate Edition,39.48,PEGI-rating: 16 jaar en ouder,PlayStation 5
THE DARK PICTURES: THE DEVIL IN ME,41.14,PEGI-rating: 18 jaar en ouder,PlayStation 5
Maneater (PS5),23.19,PEGI-rating: 18 jaar en ouder,PlayStation 5
Edge Of Eternity,35.43,PEGI-rating: 16 jaar en ouder,PlayStation 5
The Diofield Chronicle - PS5,59.99,PEGI-rating: 16 jaar en ouder,PlayStation 5
Blood Bowl 3,47.95,PEGI-rating: 16 jaar en ouder,PlayStation 5
Exodemon,18,PEGI-rating: 7 jaar en ouder,PlayStation 5
Jumanji: The Video Game - PS5,17.95,PEGI-rating: 7 jaar en ouder,PlayStation 5
Devil May Cry 5 Special Edition PS5,24.99,PEGI-rating: 18 jaar en ouder,PlayStation 5
Mount & Blade 2 Bannerlord PS5,32.83,Prijs en andere details kunnen variëren op basis van de maat en kleur van het product.,PlayStation 5
Zrshygs L2 R2 activeringsknop voor PS5-controller,4.49,,
BALAN WONDERWORLD (PlayStation PS5),29.95,PEGI-rating: 7 jaar en ouder,PlayStation 5
Neptunia: Sisters VS Sisters - Calendar Edition (PS5),52.57,PEGI-rating: 12 jaar en ouder,PlayStation 5
Wwi Tannenberg - Eastern Front,22.74,PEGI-rating: 18 jaar en ouder,PlayStation 5
Judgment (Playstation 5),35,PEGI-rating: 18 jaar en ouder,PlayStation 5
MechWarrior 5: Mercenaries - PS5,27.17,PEGI-rating: 12 jaar en ouder,PlayStation 5
Winter Games 2023 PS5 USK: 0,29.99,,
The Last Stand Aftermath (Playstation 5),24.24,PEGI-rating: 16 jaar en ouder,PlayStation 5
JUMANJI - PS5,38.38,,
The Chant - Limited Edition,29,PEGI-rating: 16 jaar en ouder,PlayStation 5
Dusk Diver 2 Day One Edition (PS5),59.29,PEGI-rating: 12 jaar en ouder,PlayStation 5
TAKE 2 INTERACTIVE FRANCE Tiny Tina's Wonderlands P5 VF,39,PEGI-rating: 16 jaar en ouder,PlayStation 5
Do Not Open,29.99,PEGI-rating: 18 jaar en ouder,PlayStation 5
Lemon Cake - PS5,29.99,PEGI-rating: 3 jaar en ouder,PlayStation 5
Astragon LANDWIRTSCHAFTS SIMULATOR 22 PS5 USK: 0,45.07,USK-beoordeling: Geen leeftijdsbeperking,PlayStation 5
Record of Lodoss War (Playstation 5),29.99,PEGI-rating: 12 jaar en ouder,PlayStation 5
F1 Manager 2022,19.99,PEGI-rating: 3 jaar en ouder,PlayStation 5
Gear.club Unlimited 2 - Ultimate Edition,27.5,PEGI-rating: 3 jaar en ouder,PlayStation 5
Keywe,18.61,PEGI-rating: 3 jaar en ouder,PlayStation 5
Tourist Bus Simulator - PS5,25.99,PEGI-rating: 3 jaar en ouder,PlayStation 5
Videogioco Bethesda Deathloop,24.99,PEGI-rating: 18 jaar en ouder,PlayStation 5
Star Ocean: The Divine Force - PS5,55.95,PEGI-rating: 16 jaar en ouder,PlayStation 5
Lego Brawls PS5,36.81,PEGI-rating: 7 jaar en ouder,PlayStation 5
Puyo Puyo Tetris 2,18.62,PEGI-rating: 3 jaar en ouder,PlayStation 5
Aliens: Fireteam Elite,24.5,PEGI-rating: 16 jaar en ouder,PlayStation 5
Videogioco Milestone Ride 4,20,PEGI-rating: 3 jaar en ouder,PlayStation 5
Martha Is Dead,25.94,USK-beoordeling: Vanaf 16 jaar,PlayStation 5
Destruction AllStars - PS5,18.66,Advies: ,PlayStation 5
Among Us - Crewmate Edition PS5 (PS5),19.95,PEGI-rating: 7 jaar en ouder,PlayStation 5
Tour de France 2022 - PS5,29.99,PEGI-rating: 3 jaar en ouder,PlayStation 5
Crusader Kings III - Day One Edition (PS5),37.58,PEGI-rating: 12 jaar en ouder,PlayStation 5
SAINTS ROW - Notorious Edition,44.95,PEGI-rating: 18 jaar en ouder,PlayStation 5
Atari 50: The Anniversary Celebration - PS5,34.81,PEGI-rating: 16 jaar en ouder,PlayStation 5
Dungeons & Dragons : Dark Alliance - Day One Edition,18.8,,
MONSTERENERGIE SUPERCROSS HET OFFICIËLE VIDEOGAME 4 - PS5,16.09,,
Gotham Knights - Deluxe Editie - PS5,48.59,PEGI-rating: 16 jaar en ouder,PlayStation 5
Train Sim World 2: Rush Hour Deluxe Edition,27.53,PEGI-rating: 3 jaar en ouder,PlayStation 5
The Walking Dead Onslaught - Survivor Edition,35.2,PEGI-rating: 18 jaar en ouder,PlayStation 5
Marvel's Guardians of the Galaxy - Cosmic Deluxe Editie - PS5,52.61,PEGI-rating: 16 jaar en ouder,PlayStation 5
Treasures Of The Aegean - Collector's Edition,39.03,PEGI-rating: 12 jaar en ouder,PlayStation 5
Chivalry II Day One Edition PS5 Game,27.74,PEGI-rating: 18 jaar en ouder,PlayStation 5
MotoGP 21 PS5 Game,39.99,PEGI-rating: 3 jaar en ouder,PlayStation 5
Hell Let Loose,39.99,PEGI-rating: 16 jaar en ouder,PlayStation 5
Evil Genius 2 World Domination PS5,22.39,PEGI-rating: 12 jaar en ouder,PlayStation 5
Fosmon Antislipbestendige beschermhoes compatibel met Playstation PS5 DualSense-controller (2 stuks - zwart). zweetbestendige siliconenrubberen gelhuid met 8 duimgrepen analoge dop,29.99,PEGI-rating: 16 jaar en ouder,PlayStation 5
Werewolf: The Apocalypse - Earthblood NL Versie - PS5,29.99,PEGI-rating: 16 jaar en ouder,PlayStation 5
SONY FIFA 21 Next Level Edition - PS5,29.94,USK-beoordeling: Geen leeftijdsbeperking,PlayStation 5
The Pathless (PlayStation PS),41.79,USK-beoordeling: Vanaf 12 jaar,PlayStation 5
MXGP 2020 The Official Motocross Videogame PS5 Game,26.53,PEGI-rating: 3 jaar en ouder,PlayStation 5
Charon's Staircase - PS5,34.99,PEGI-rating: 18 jaar en ouder,PlayStation 5
Call of Duty: Black Ops Cold War,74.99,PEGI-rating: 18 jaar en ouder,PlayStation 5
Warhammer: Chaosbane - Slayer Edition - PS5,36.47,PEGI-rating: 16 jaar en ouder,Windows Vista
Rainbow Six Extraction - Limited Edition - Exclusief bij Amazon verkrijgbaar,81.29,PEGI-rating: 18 jaar en ouder,PlayStation 5
FINAL FANTASY VII REMAKE INTERGRADE (PlayStation PS5),81.29,PEGI-rating: 16 jaar en ouder,PlayStation 5
The Falconeer - Warrior Edition,25,PEGI-rating: 12 jaar en ouder,PlayStation 5
F1 2021 - PS5 (UK Import) (PS5),24.99,PEGI-rating: 3 jaar en ouder,PlayStation 5
MotoGP 21 (PS5) (USK),54.9,USK-beoordeling: Geen leeftijdsbeperking,PlayStation 5
Battlefield 2042 (PS5) DE-Version,40.38,USK-beoordeling: Vanaf 16 jaar,PlayStation 5
Death's Door: Ultimate Edition - PS5,49.99,PEGI-rating: 12 jaar en ouder,PlayStation 5
Lake,29.99,PEGI-rating: 16 jaar en ouder,PlayStation 5
NBA 2K22 - NL Versie PS5,18,PEGI-rating: 3 jaar en ouder,PS5
Just Dance 2021,16.3,PEGI-rating: 3 jaar en ouder,PlayStation 5
Call of Duty: Vanguard (PS5),66.45,PEGI-rating: 18 jaar en ouder,PlayStation 5
SONY PS5 NIOH - PS5,59.4,Meer mogelijkheden,PlayStation 5
Fortnite - Anime Legends - PS5,19.99,PEGI-rating: 12 jaar en ouder,PlayStation 5
Necromunda : Hired Gun,35.19,PEGI-rating: 18 jaar en ouder,PlayStation 5
The Pathless,29.99,PEGI-rating: 12 jaar en ouder,PlayStation 5
Dolmen Day One Edition PS5,17.09,PEGI-rating: 16 jaar en ouder,PlayStation 5
Madden NFL 21 - PlayStation 5,9.99,PEGI-rating: 3 jaar en ouder,PlayStation 5
NBA 2K23 - Michael Jordan Edition - PS5,96.27,PEGI-rating: 3 jaar en ouder,PlayStation 5
Call of Duty: Black Ops Cold War - PS5,35.99,PEGI-rating: 18 jaar en ouder,Nintendo Switch
THE DARK PICTURES VOLUME 2 (HOUSE OF HASHES + THE DEVIL IN ME) PS 5,47.99,PEGI-rating: 18 jaar en ouder,PS5
Airoheart - PS5,39.99,PEGI-rating: 7 jaar en ouder,PlayStation 5
Gioteck - Thumb grip voor PS5 Joystick. Thumb Stick in Silicone. Antislip. Bescherming voor controller. voor PS5 Camo Blauw,19.1,Meer mogelijkheden,Xbox 360
Final Fantasy VII (7) - Remake Intergrade,50.89,,
The Forgotten City,34.9,PEGI-rating: 16 jaar en ouder,PlayStation 5
Planet Coaster (PlayStation PS5),44.61,USK-beoordeling: Geen leeftijdsbeperking,PlayStation 5
DNF Duel (PS5),51.25,PEGI-rating: 12 jaar en ouder,PlayStation 5
Videogioco Sony Interactive Ratchet & Clank: Rift Apart,59.99,PEGI-rating: 7 jaar en ouder,PlayStation 5
Autobahn Police Simulator 3 - PS5,25.99,Advies: ,PlayStation 5
Wwi Verdun - Western Front,26.47,PEGI-rating: 18 jaar en ouder,PlayStation 5
Disciples: Liberation - Deluxe Edition,39.99,PEGI-rating: 12 jaar en ouder,PlayStation 5
Outriders - NL Versie (PS5),16.95,PEGI-rating: 18 jaar en ouder,PlayStation 5
Oddworld: Soulstorm - Day One Edition,44.9,PEGI-rating: 12 jaar en ouder,PlayStation 5
Dungeons & Dragons Dark Alliance Day One Edition (PlayStation PS5),14.95,PEGI-rating: 16 jaar en ouder,PlayStation 5
Sony DEMON'S SOULS PS5 USK: 16,54.9,,
minifinker Game Shell Panel. Matte Finish Beschermende Precieze Size Game Console Faceplate Cover Impact Resistant voor Game Controler,,,
FASTSNAIL Led-laadstation compatibel met PSVR 2,,,
Ghost Song - PS5,27.63,PEGI-rating: 12 jaar en ouder,PlayStation 5
Firefighting Simulator: The Squad [PS5],34.34,PEGI-rating: 7 jaar en ouder,PlayStation 5
Construction Simulator - D1 Edition PS5,186.28,Prijs en andere details kunnen variëren op basis van de maat en kleur van het product.,PlayStation 5
jidian Volleyball rugzak. basketbalrugzak in ronde vorm met netvakken voor flessen. voor jongens. sportuitrustingszakken voor mannen en vrouwen,,,
Neptunia: Sisters VS Sisters - Standard Edition (PS5),53.68,PEGI-rating: 12 jaar en ouder,PlayStation 5
FASTSNAIL Oplaadstation compatibel met Playstation VR 2 controller. led-standaard voor PS VR 2 headset & Sense-controller met 10 RGB-lampen. PSVR 2 Storage Base gaming accessoires,,,
Gigantosaurus Dino Kart,34.65,Advies: ,PS5
Dual Charger. Dual 2 Controller Charger Overstroombeveiliging Hoge snelheid opslagfunctie ABS voor Xbox Controller,32.29,,
Dubbele oplader. 2.8 V overspanningsbeveiliging Dubbele oplader met 2 controllers Eenvoudig te gebruiken Hoge snelheid ABS-opslagfunctie voor Xbox-controller,32.69,,
Dual Charger Station. Dual Charger Dock Opslagfunctie Overstroombeveiliging Gebruiksvriendelijk Hoge snelheid met 2 1100mAh oplaadbare batterijen voor Xbox-controller,32.69,,
Dual 2 Controller Charger. eenvoudig te gebruiken opslagfunctie Dual Charger High Speed ​​voor Xbox Controller,32.69,,
Movilshop beschermhoes voor Realme 10 Pro Plus 5G. tekening gamers [Xbox-afstandsbedieningen]. versterkte siliconen hoek. 1.5 mm. dikte flexibel. transparant,8.99,,
6-in-1 siliconen host-stofstekkers set USB RJ45 HDMI-compatibele interface anti-stofhoes voor PS5 PS4 PS3 gameconsoles vervanging (wit),,,
RUVE Oudejaarsavond konijnenfiguren. hars konijnenbeeldje. Chinees sterrenbeeld konijnenjaar-ornament gelukkig voor 2023 dashboarddecoraties Nieuwjaar,,,
Youding Chinese konijnenfiguur - hazenfiguren van hars - 2023 miniatuur gelukkig konijntje beeldje Chinese dierenriemtekens konijnen sculptuur ornamenten voor Nieuwjaar huis kantoor tafel,,,
YANQUAN Konijnenfiguren voor Nieuwjaar. konijnenbeeldje van kunsthars. 2023. miniatuur. gelukkig konijnenbeeldje. dierenriemtekening. Chinese konijnen. sculptuur. ornamenten voor Nieuwjaar. huis. kantoor. tafel,,,
Limily Chinese konijnenfiguur. konijnenbeeldje van kunsthars. hazenbeeldje. geluksbrenger. miniatuur. ornamenten van de Chinese dierenriemtekens. voor op kantoor thuis van het Nieuwjaar 2023,,,
didaj Konijnenfiguren. konijnenbeeldje van hars. Chinees 2023. gelukkig konijntje. sculptuur. cadeau. leuk feestaccessoire. huis. kantoor. decoratie. decoratie,,,
Littekens hierboven (PS5),39.93,PEGI-rating: 12 jaar en ouder,PlayStation 5
haoying Miniatuurfiguren van konijnen. konijnenbeeldje van hars. geluksbrenger. konijnenbeeldje. miniatuurfiguur. ornamenten. Chinese dierenriemsculptuur voor op het bureau thuis van het Nieuwjaar,,,
changmiao Miniatuur konijnenfiguren. hars konijnenfiguren. 2023 miniatuur gelukkig konijnenbeeldje Chinese dierenriemtekens. konijnensculptuur. ornamenten voor Nieuwjaar. huis. kantoor. tafel,,,
Controller-accessoires. netsnoer Duimgreepafdekkingen Beschermhoes Dubbel laadstation Gameconsole-accessoires voor PS5,67.56,Prijs en andere details kunnen variëren op basis van de maat en kleur van het product.,PlayStation 5
Vervanging Voorplaat. Krasbestendig Mat Zwart Koellichaam Poort Vervanging Voorplaat Cover ABS voor Game Console,,,
Vervanging voorplaat. Krasbestendig Vervanging Faceplate Cover Gemakkelijk te installeren Mat Zwart voor Game Console,,,
Monster Energy Supercross 6 - De officiële videogame PS5,67.56,PEGI-rating: 3 jaar en ouder,PlayStation 5
Game-vervangende shell-paneel. krasbestendig draagbaar slagvast stofdicht console frontplaat cover matte afwerking voor game controler(Transparant Blauw),45.49,,
Vervanging voorplaat. ABS Stofdichte Krasbestendige Vervanging Voorplaat Cover voor Game Console,,,
KOMBIUDA Controller Gamepad Game Conter beschermhoes pad bescherming grip Engels afdekking siliconen handvat,,,
NBA 2K23,39.93,PEGI-rating: 3 jaar en ouder,PlayStation 5
Markt + Technik Wendy Meine Paardenwereld - paarden. toernooien. avontuur,25.41,,
Inescapable - Standard Edition (PS5),51.33,PEGI-rating: 16 jaar en ouder,PlayStation 5
De Callisto Protocol Standard Edition - PS5,63.77,PEGI-rating: 18 jaar en ouder,PlayStation 5
1350 mAh / 5.00 Wh gameconsole. reservebatterij. compatibel met Sony CECH-ZCM1E. CECH-ZCM1H. Motion Controller. Playstation 4. Playstation Move Motion Contro. PS3 Move Game Console Battery,,,
The Rumble Fish 2 (Playstation 5),34.99,PEGI-rating: 12 jaar en ouder,PlayStation 5
Atomic Heart (PlayStation 5),84.93,PEGI-rating: 18 jaar en ouder,PlayStation 5
Pedestal Box Mount | houder voor tv-box & gameconsole achter op Pedestal tv-meubel | compatibel met Xbox & Playstation PS4 | past bij Pedestal tv-standaard met uitzondering van Linked Tall (beige),39.99,,
Richolyn Voetbalrugzak – basketbalrugzak in ronde vorm met netvakken voor flessen voor jongens | sporttas voor basketbal. voetbal en volleybal,,,
Cult of the Lamb - PS5 (Export),30.77,PEGI-rating: 18 jaar en ouder,PlayStation 5
NICERAM Basketbalrugzak. transporttas voor basketbal. voetbal. draagbaar. ronde vorm. voor outdoorsporten. voor dames en heren,,,
HongYan Basketbalrugzak. basketbal-transportrugzak van rond mesh. sportuitrustingstassen voor mannen en vrouwen,,,
Xiaocao Basketbalrugzak. ronde voetbaltassen. verstelbaar. met 2 netvakken aan de zijkant. sporttas voor basketbal. voetbal en volleybal,,,
Eayoly Basketbalrugzak. basketbal-transportrugzak van rond mesh. basketbal-/volleybal-/voetbaltassen voor jongens en meisjes,,,
Voiakiu Basketbalrugzak. draagbaar. ronde vorm. grote capaciteit. voor school. team. sportschool,,,
Jayehoze Voetbalrugzak – basketbalrugzak van ronde netstof | sporttas voor basketbal. voetbal en volleybal,,,
Prodeus - PS4,27.64,PEGI-rating: 18 jaar en ouder,PlayStation 4
Battle Axe Special Edition (PS5),29.99,PEGI-rating: 7 jaar en ouder,PlayStation 5
The Eternal Cylinder - PS5,31.61,PEGI-rating: 12 jaar en ouder,PlayStation 5
Skin voor PS5-controllergrepen. Antislip Siliconen Beschermhoes. Ergonomische Handgreep. Zacht/zweetbestendig/stofdicht. Joystickbeschermer(Blauw),10.78,,
10st PS7516 SOT23-6,10,,
Dusk Diver 2 Standard Edition (PS5),53.56,PEGI-rating: 12 jaar en ouder,PlayStation 5
Octopath Traveler 2 (PlayStation 5),61.29,Meer mogelijkheden,Playstation 5
Open PS5 niet,51.56,PEGI-rating: 18 jaar en ouder,Playstation 5
Neptunia ReVerse - Standard Edition (PS5),54.8,PEGI-rating: 12 jaar en ouder,PlayStation 5
Trein Sim World 3 (PlaySation 5),51.95,PEGI-rating: 3 jaar en ouder,PlayStation 5
Warner Hogwarts Legacy,73.68,Meer mogelijkheden,Xbox Series X
Arcadegeddon - PS4 (INT),20.68,PEGI-rating: 12 jaar en ouder,PlayStation 5
Resident Evil Village Gold Edition (PS5),49.67,PEGI-rating: 18 jaar en ouder,PlayStation 5
The Falconeer: Warrior Edition - PS5,53.72,PEGI-rating: 12 jaar en ouder,PlayStation 5
Trek To Yomi: Deluxe Edition - PS5,41.32,PEGI-rating: 18 jaar en ouder,PlayStation 5
Hello Neighbor 2 Deluxe Edition - Xbox X,49.99,Advies: ,Xbox Series X
Hello Neighbor 2 Deluxe Edition - PS5,49.99,Advies: ,PlayStation 5
Hello Neighbor 2 - PS5,29.99,Advies: ,PlayStation 5
Voor Xbox Controller Dual Charger. Gamepad Dual Charger Station met 2 1100mAh Oplaadbare Batterijen,25.71,,
Labyrint van Galleria: The Moon Society - Standard Edition (PS5),61.96,PEGI-rating: 18 jaar en ouder,PlayStation 5
SHYEKYO Bescherming Strip Film. Stofdichte Integrale Krasbestendige Console Midden Sticker voor Optische Drive Edition Host (Carbon Gold),36.4,Prijs en andere details kunnen variëren op basis van de maat en kleur van het product.,PlayStation 5
Temtem - PS5,36.4,PEGI-rating: 12 jaar en ouder,PlayStation 5
Game Shell Panel. Beschermende Game Console Faceplate Cover voor Game Controler(Transparant Blauw),45.49,,
Monster Energy Supercross 5,19.99,PEGI-rating: 3 jaar en ouder,PlayStation 5
Sifu - Vengeance Edition,44.99,PEGI-rating: 16 jaar en ouder,PlayStation 5
Sniper Elite 5 - Deluxe Edition - PS5,81.86,PEGI-rating: 16 jaar en ouder,PlayStation 5
Final Vendetta,37.81,PEGI-rating: 12 jaar en ouder,PlayStation 5
Sniper Elite 5,30.95,PEGI-rating: 16 jaar en ouder,PlayStation 5
Final Vendetta Super Limited Edition,69.92,Prijs en andere details kunnen variëren op basis van de maat en kleur van het product.,PlayStation 5
Final Vendetta Collector's Edition,51.9,PEGI-rating: 12 jaar en ouder,PlayStation 5
Disgaea 6 Complete - Deluxe Edition,67.26,PEGI-rating: 12 jaar en ouder,PlayStation 5
Yurukill : The Calumniation Games Deluxe Edition,48.59,Advies: ,PlayStation 5
Q-View PS5 Plates Cover voor Disc PlayStation 5 - Quality Vervanging Starlight Blue Shell - Premium PS5 Accessoires Side Panel Blue Cover Flat,,,
GAME Ghostwire Tokyo - Deluxe Edition German. English PlayStation 5,,,
Two Point Campus Enrolment Edition PS5,19.99,PEGI-rating: 3 jaar en ouder,PlayStation 5
YUYAN Set van 6 stuks siliconen host stofpluggen USB RJ45 HDMI-compatibele interface anti-stof cover voor gameconsoles,,,
Kalypso.Port Royale 4.zwart,42.39,Meer mogelijkheden,PlayStation 5
Fortnite : Pack Légendes Fraîches (Code-in-a-box),17.99,PEGI-rating: 12 jaar en ouder,PlayStation 5
Windlands 2,19.9,PEGI-rating: 7 jaar en ouder,PlayStation 5
GAME Kena Bridge of Spirits Deluxe Edition English. German PlayStation 5,45.17,USK-beoordeling: Vanaf 12 jaar,PlayStation 5
Let's Sing 2022 mit deutschen Hits (PlayStation PS5),34.88,USK-beoordeling: Vanaf 6 jaar,PlayStation 5
Saints Row Criminal Customs Edition PS5,27.52,PEGI-rating: 18 jaar en ouder,PlayStation 5
Just Dance 2022 PS5,26.54,PEGI-rating: 3 jaar en ouder,PlayStation 5
Bassmaster Fishing 2022 - Deluxe Edition,28,PEGI-rating: 3 jaar en ouder,PlayStation 5
Les Schtroumpfs – Mission Malfeuille,34.9,PEGI-rating: 3 jaar en ouder,PlayStation 5
Spotify Premium 12 Maanden -- Lidmaatschapsaccount #SPOTY467,,,
Ma VIe à La Ferme,17.04,Prijs en andere details kunnen variëren op basis van de maat en kleur van het product.,PlayStation 5
Beyond A Steel Sky - Utopia Edition,99.78,PEGI-rating: 16 jaar en ouder,PlayStation 5
Iron Harvest - Complete Edition (PS5),73.09,Russischtalige uitgave,Videogame
Evil Genius 2: World Domination,36.99,PEGI-rating: 12 jaar en ouder,PlayStation 5
Human : Fall Flat - Anniversary Edition,27.22,PEGI-rating: 3 jaar en ouder,PlayStation 5
Deathloop Deluxe Edition (PS5),36,PEGI-rating: 18 jaar en ouder,PlayStation 5
Apsulov: End Of Gods,28.16,PEGI-rating: 16 jaar en ouder,PlayStation 5
Tails Of Iron - Crimson Knight Edition,39.23,PEGI-rating: 16 jaar en ouder,PlayStation 5
Real Farm Premium Ed. PS5,14.59,PEGI-rating: 3 jaar en ouder,PlayStation 5
Stickers voor console PS5 – lichtgevende sticker voor console PS5. decoratieve afdekking van vinyl voor console PS5. accessoires voor LED-strips. voor console PS5,,,
Yujue PS5 reserveknoppen voor gamepad-toetsen en duimgrijpdoppen zijn uitwisselbaar. net als de originele toetsen. individuele en kleurrijke accessoires uit de PS5-controller-serie (zwart),,,
adgbd Gamecontroller. reservesleutel. gamepad-toetsen voor PS5. greepknop. game controller. reserveknop. gamepad toetsen. gamepad accessoires,18.96,Prijs en andere details kunnen variëren op basis van de maat en kleur van het product.,PlayStation 5
Videogioco Giants Software Farming Simulator 22,39.9,PEGI-rating: 3 jaar en ouder,PlayStation 5
Demon Slayer -Kimetsu no Yaiba- The Hinokami Chronicle (PlayStation PS5),43.5,PEGI-rating: 16 jaar en ouder,PlayStation 5
Mortal Kombat 11 Ultimate – Edition Limitée,,,
Aliens: Fireteam Elite (PlayStation PS5),40.99,PEGI-rating: 16 jaar en ouder,PlayStation 5
Uing Sticker voor host. PS5. beschermstrips. centraal. versie CD-ROM. monolithisch. zelfklevend. console. spelconsole. voorkomt krassen. voordelig,,,
Facynde Stickers voor de versie van de console PS5. zelfklevend. luchtbelvrij. krasbestendig en krachtig,,,
Game Controller-knop. aangepaste Game Controller reserveknop Game Controller reservesleutel gamepad toetsen Gamepad onderdelen voor PS5-controller,,,
Greak: Memories Of Azur,19.6,PEGI-rating: 7 jaar en ouder,PlayStation 5
Astria Ascending,39.82,,
Rainbow Six Extraction (Playstation 5),27.57,PEGI-rating: 16 jaar en ouder,PlayStation 5
Doans Beschermstrip voor de console voor de versie CD-ROM PS5 DustoBrache Scratcheter Integral zonder korte sectie. sticker aangebracht,,,
likeitwell Stickers voor PS5-console. PVC. afneembaar. middenconsole. stickers voor de huid. voor PS5-console. versie van de Practical Disc,,,
persiverney-AT Sticker voor Host PS5. beschermstrips voor centrale host. CD-ROM. monolithisch. zelfklevend. console. spelconsole. voorkomt vingerafdrukken. milieuvriendelijk,28.28,Prijs en andere details kunnen variëren op basis van de maat en kleur van het product.,PlayStation 5
Ghostrunner (PS5) DE-Version,28.28,USK-beoordeling: Vanaf 18 jaar,PlayStation 5
Panda Hero,23.18,PEGI-rating: 3 jaar en ouder,PlayStation 5
Ghostrunner,28.65,PEGI-rating: 18 jaar en ouder,PlayStation 5
Aragami 2,31.61,PEGI-rating: 18 jaar en ouder,PlayStation 5
Doans Mini draadloos toetsenbord voor PS5-controller. 24 g. draadloos chatPad voor PS5-controller. draadloos minihand-afstandsbediening toetsenbord. minibluetoothtoetsenbordchatpad voor PS5 chic,27.99,,
Observer: System Redux - Day One Edition,27.94,PEGI-rating: 16 jaar en ouder,PlayStation 5
Lingge Toetsenbord van PS5Controller-toetsenbord. 35 mm. mini gamepad toetsenbord. draadloze chatPad van de PS5-controller met audio headsetaansluiting. draadloos bluetooth-toetsenbord chatberichtentoetsenbord voor PS5 Current,,,
YUNXIAN PS5Controller-toetsenbord. PS5-handvat. bluetooth. draadloos toetsenbord kan het spraakbluetooth-toetsenbord voor PS5 om te chatten met games in games chatten Custody,,,
YEES Voor het PS5Controller-toetsenbord het draadloze toetsenbord van het Game Board draadloze ChatPad-berichtentoetsenbord met draadloos bluetooth-toetsenbordset voor PS5Set Classical,,,
IrahdBowen Mini draadloos toetsenbord voor PS5-controller. 24 g. draadloos chatPad voor PS5-controller. draadloos minihand-afstandsbediening toetsenbord. minibluetoothtoetsenbordchatpad voor PS5 typisch,,,
likeitwell PS5 controller toetsenbord draadloos toetsenbord gamepad toetsenbord voor PS5 draadloos chatpad berichtentoetsenbord met headset en audio-aansluiting PS5 controlleraccessoires ingebouwde luidspreker agreeable,29.9,Prijs en andere details kunnen variëren op basis van de maat en kleur van het product.,PlayStation 5
Far Cry 6,29.9,PEGI-rating: 18 jaar en ouder,PlayStation 5
Tales Of Arise,45.59,PEGI-rating: 12 jaar en ouder,PlayStation 5
The Persistence Enhanced (Playstation 5),12.42,PEGI-rating: 18 jaar en ouder,PlayStation 5
GreedFall Gold Edition (PlayStation PS5),39.95,PEGI-rating: 18 jaar en ouder,PlayStation 5
AEROBATICS Ps5 Controller Vervangende toetsen Gamepad toetsen Plays-tation Button Controller Vervangtoetsen ABS-materiaal. functietoetsen L1R1 met vier kleine toetsen voor de PS5-handgreep,9.39,,
GIMOCOOL Knoppen voor PS5-controller. vervangingsknoppen voor PS5-toetsen. accessoires voor PS5-toetsen. knoppen en touchpad voor PS5-controller. zwart/rood/wit/groen/blauw,,,
Riders Republic,26.34,PEGI-rating: 12 jaar en ouder,PlayStation 5
Zachte textuur Gamepad-handgreep Gamepad-beschermhoes Voor PS5 voor mensen die gemakkelijk te zweten zijn voor PS5 Gamepad(white),13.89,,
libelyef Key Gamepad knoppen voor PS5. Game Controller vervanging Retro Classic Game Controller. precies hetzelfde als de oorspronkelijke knop. pas je voor PS5-controller aan,,,
DRXX Vervangende console-afdekking voor PS5. gameconsoles. stofbescherming. beschermhoes voor PS5. versie voor optische en digitale gameconsoles,,,
flou Verticale standhouder voor PS5-console.Multifunctionele verticale koelstandaard met schroef geweldig gamingaccessoire voor het organiseren van uw gameconsole,,,
Plastic knoppen voor PS5-controller - 12-delige gamepad reservesleutelset met joystick ring & handschrift board & L1 R1 & Cross,30.15,Prijs en andere details kunnen variëren op basis van de maat en kleur van het product.,PlayStation 5
Nba 2k21 - Mamba Forever - Legend Edition,88.25,,
Rustler,26.44,PEGI-rating: 18 jaar en ouder,PlayStation 5
Scarlet Nexus,29.66,PEGI-rating: 16 jaar en ouder,PlayStation 5
Life is Strange: True Colors (PlayStation PS5),44.95,PEGI-rating: 16 jaar en ouder,PlayStation 5
zrshygs Reserveplaat voor harde behuizing van kunststof voor PS5 DE-gameconsole,,,
Videogioco Square Enix Final Fantasy VII Remake Intergrade,80.3,PEGI-rating: 16 jaar en ouder,PlayStation 5
Hot Wheels Unleashed - Challenge Accepted Edition (Xbox One),29.99,Prijs en andere details kunnen variëren op basis van de maat en kleur van het product.,PlayStation 5
Can't Drive This,32.05,PEGI-rating: 7 jaar en ouder,PlayStation 5
Reserveafdekplaat voor PS5. reserveplaat voor gameconsole. van krasbestendig kunststof voor PS5-versie,,,
zrshygs Draagtas. opbergdoos. Shell voor PS5 console. controller. laadstation Disc,,,
Videogioco Milestone Moto GP 21,17.9,PEGI-rating: 3 jaar en ouder,PlayStation 5
Mortal Shell - Enhanced Edition,39.39,PEGI-rating: 16 jaar en ouder,PlayStation 5
Chivalry 2 - Day One Edition,25.4,PEGI-rating: 18 jaar en ouder,PlayStation 5
bobeini for-Ps5 Gamepad Accessoires Vijf-in-één 3D-verhoging van de dop verlenging Druk Rood,,,
bobeini Accessoires Joystick Style Mod Pack voor PS5 Controller Faceplate Cover Case Thum Yellow,,,
bobeini L2 R2 activeringsknop veer metaal activeringsknop metalen gesp voor PS5 controller B.,,,
Spacebase Startopia,25.41,PEGI-rating: 7 jaar en ouder,PlayStation 5
Oihxse Transparant hoesje compatibel met Xiaomi Mi 9T / Mi 9T Pro beschermhoes van siliconen. transparant. bloemenmotief. bladeren. motief voor meisjes en vrouwen. schokbestendig. beschermhoes van TPU (9),,,
Oihxse Clair Case Compatibel met iPhone XS Max beschermhoes van siliconen. transparant. bloemenpatroon. bladeren. motief voor meisjes en vrouwen. schokbestendig. TPU. bumper cover (9),,,
Oihxse Clair Case compatibel met Oppo Reno 3 Pro beschermhoes van siliconen. transparant. bloemenmotief. motief voor meisjes. vrouwen. schokbestendig. TPU-bumper (9),,,
Oihxse Transparant hoesje compatibel met Samsung Galaxy S10 Plus. siliconen beschermhoes. transparant. bloemenmotief. bladeren. motief voor meisjes en vrouwen. schokbestendig. TPU-beschermhoes (9),,,
,,,
zrshygs Reserveplaat voor beschermhoes voor PS5-spelconsole. krasbestendig,,,
Suhctup Gepersonaliseerde hoesjes voor iPhone 6 Plus / 6S Plus van gehard glas met harttekst. personaliseerbaar. geschenkhoesje. ultradun. sterk. schokbestendig. krasbestendig. hoesje (roze),,,
Suhctup Gepersonaliseerde beschermhoes voor Oppo Reno 3 beschermhoes van gehard glas met harttekst. personaliseerbaar. geschenkhoesje. ultradun. sterk. schokbestendig. krasbestendig. hoesje (roze-rood),,,
Suhctup Gepersonaliseerde beschermhoes voor Samsung Galaxy A6 Plus/A9 Star Lite. van gehard glas met harttekst. personaliseerbaar. geschenkhoesje. ultradun. sterk. schokbestendig. krasbestendig. groen,,,
Suhctup Gepersonaliseerde beschermhoes voor Xiaomi Redmi 6A van gehard glas met harttekst. personaliseerbaar. geschenkhoes. ultradun. sterk. schokbestendig. krasbestendig. hoes (zilver),,,
Suhctup Gepersonaliseerde beschermhoesje voor Oppo A52 / A72. van gehard glas met harttekst. personaliseerbaar. ultradun. sterk. schokbestendig. krasbestendig,,,
Suhctup Gepersonaliseerde beschermhoes voor Xiaomi Redmi Note 5A van gehard glas met harttekst. personaliseerbaar. geschenkhoesje. ultradun. sterk. schokbestendig. krasbestendig. roze rood,,,
Suhctup Gepersonaliseerde beschermhoes voor Huawei P10 Lite van gehard glas met harttekst. personaliseerbaar. geschenkhoesje. ultradun. sterk. schokbestendig. krasbestendig. zwart,14.99,Prijs en andere details kunnen variëren op basis van de maat en kleur van het product.,PlayStation 5
Back 4 Blood - Special Edition,14.99,PEGI-rating: 18 jaar en ouder,PlayStation 5
Hunting Simulator 2 NL Versie -PS5,36.99,PEGI-rating: 16 jaar en ouder,PlayStation 5
Monster Truck Championship NL Versie - PS5,24.9,PEGI-rating: 3 jaar en ouder,PlayStation 5
Hunting Simulator 2 PS5 Game,48.9,PEGI-rating: 16 jaar en ouder,PlayStation 5
Control Ultimate Edition,48.9,PEGI-rating: 16 jaar en ouder,PlayStation 5
Outriders - Day One Edition NL Versie - PS5,,PEGI-rating: 18 jaar en ouder,PlayStation 5
Back 4 Blood (PS5) DE-Version,24.94,USK-beoordeling: Vanaf 18 jaar,PlayStation 5
Nioh Collection (PS5) DE-Version,,USK-beoordeling: Vanaf 16 jaar,PlayStation 5
Monster Energy Supercross 4,19.99,PEGI-rating: 3 jaar en ouder,PlayStation 5
Immortals Fenyx Rising (Playstation 5),22.83,PEGI-rating: 12 jaar en ouder,PlayStation 5
Monster Energy Supercross 4 (Playstation 5),69.99,Prijs en andere details kunnen variëren op basis van de maat en kleur van het product.,PlayStation 5
Warhammer Chaosbane Slayer Edition PS5 Game,69.99,PEGI-rating: 16 jaar en ouder,PlayStation 5
Madden NFL 21 NXT LVL Edition PS5 Game,,PEGI-rating: 3 jaar en ouder,PlayStation 5
FIFA 21 NXT LVL Edition PS5 Game,,PEGI-rating: 3 jaar en ouder,PlayStation 5
Oihxse Beschermhoes voor Xiaomi Mi 9SE Flip beschermhoes van premium leer bling portemonnee vlinder patroon ultradun PU + TPU portemonnee met kaartsleuven met glitter voor meisjes paars lichtpaars,22.26,Prijs en andere details kunnen variëren op basis van de maat en kleur van het product.,PlayStation 5
Werewolf The Apocalypse Earthblood PS5 Game,22.26,PEGI-rating: 16 jaar en ouder,PlayStation 5
Monster Energy Supercross - The Official Videogame 4 (PlayStation PS5),24.99,PEGI-rating: 3 jaar en ouder,PlayStation 5
Monster Energy Supercross - The Official Videogame 4 (PlayStation PS5),24.99,PEGI-rating: 12 jaar en ouder,PlayStation 5
MXGP 2020 (PS5),22,PEGI-rating: 3 jaar en ouder,No Operating System
Videogioco Nacon Warhammer Chaosbane Slayer Edition,29.9,PEGI-rating: 16 jaar en ouder,PlayStation 5
Dynasty Warriors 9 EMPIRES (PS5),,PEGI-rating: 16 jaar en ouder,PlayStation 5
Spirit of the North (PlayStation PS5),108.63,PEGI-rating: 7 jaar en ouder,PlayStation 5
Hitman 3 Deluxe Edition - PS5,108.63,PEGI-rating: 18 jaar en ouder,Windows XP
NBA 2K21 - Mamba Forever Edition - PS5,,PEGI-rating: 3 jaar en ouder,PlayStation 4
Devil May Cry 5 Special Edition PS5 Game,30.65,PEGI-rating: 18 jaar en ouder,PlayStation 5
Videogioco Codemaster Dirt 5 - Launch Edition,59.53,PEGI-rating: 12 jaar en ouder,PlayStation 5
GAME Yakuza 7: Like a Dragon Basic German. English PlayStation 5,32.27,PEGI-rating: 18 jaar en ouder,PlayStation 5
Godfall - Ascended Edition,47.87,PEGI-rating: 16 jaar en ouder,PlayStation 5
Maneater PS5 Game,26.92,PEGI-rating: 16 jaar en ouder,PlayStation 5
Puyo Puyo Tetris 2 Limited Edition,34.82,PEGI-rating: 3 jaar en ouder,Windows Vista
Fortnite: Last Laugh / Letzter Lacher Pack (PS5) CIAB (Code in a Box),39.95,PEGI-rating: 12 jaar en ouder,PlayStation 5
Immortals Fenyx Rising - Gold Edition,,PEGI-rating: 12 jaar en ouder,PlayStation 5
Videogioco Sold Out Overcooked All You Can Eat,24.99,PEGI-rating: 3 jaar en ouder,PlayStation 5
Videogioco Sold Out Planet Coaster,47.82,PEGI-rating: 7 jaar en ouder,PlayStation 5
WARNER BROS INTERACTIVE 5051889682332 Fortnite: Pack Dernier Rire,22.08,,
JUEGO SONY PS5 WATCH DOGS LEGION,26,,PlayStation 5
JUEGO SONY PS5 ASSASSIN S CREED VALHALLA,42.99,,PlayStation 5
Far Cry 6 - Gold Edition,,PEGI-rating: 18 jaar en ouder,PlayStation 5
VIDEOJUEGO PARA PS5 SACKBOY UNA AVENTURA A LO GRANDE,42.6,,PlayStation 5
Marvel´S Spider-Man. Miles Morales,48.55,USK-beoordeling: Vanaf 16 jaar,PlayStation 5
Demon's Souls op PS5. Actiegame. 1 speler. Fysieke versie. In het Frans [Franse import],55.36,PEGI-rating: 18 jaar en ouder,PlayStation 5
